clues,time
37,0.056101
32,0.229951
27,9.64313
22,9.072656
17,103.750502